https://www.youtube.com/watch?v=KXhC8WREVKM,"Ukraine War"
https://www.youtube.com/watch?v=lvm073Xkz-A,"Ukraine War"
https://www.youtube.com/watch?v=JzIubxd08_c,"Interest Rate"
https://www.youtube.com/watch?v=aCaZLpJ9ax4,"Interest Rate"
https://www.youtube.com/watch?v=IpbUj7J_TRU,"Stock Market"
https://www.youtube.com/watch?v=Vps3396VK5Y,"Stock Market"
https://www.youtube.com/watch?v=lLuiU7XYuUg,"Electric Vehicles"
https://www.youtube.com/watch?v=g41X_CYY19k,"Electric Vehicles"
https://www.youtube.com/watch?v=jDdL2bMQXfE,"Cancer"
https://www.youtube.com/watch?v=dxnjAc-rqz8,"Cancer"
https://www.youtube.com/watch?v=ZwcfOyVMQlo,"Ukraine War"
https://www.youtube.com/watch?v=o3-35x9G09g,"Ukraine War"
https://www.youtube.com/watch?v=XvITXM9c1fs,"Ukraine War"
https://www.youtube.com/watch?v=NOigviXwKCU,"Ukraine War"
https://www.youtube.com/watch?v=x9GOygezPOk,"Ukraine War"
https://www.youtube.com/watch?v=iKCiS5Fx4TA,"Ukraine War"
https://www.youtube.com/watch?v=xlV5g_jFtSw,"Interest Rate"
https://www.youtube.com/watch?v=sf5J5OszrsM,"Interest Rate"
https://www.youtube.com/watch?v=Bx8_2n1WnuM,"Interest Rate"
https://www.youtube.com/watch?v=DR_jEUYSYjA,"Interest Rate"
https://www.youtube.com/watch?v=dL9KPeVI7Bo,"Interest Rate"
https://www.youtube.com/watch?v=2Mq7kuesjYo,"Stock Market"
https://www.youtube.com/watch?v=eWCXMH2myNw,"Stock Market"
https://www.youtube.com/watch?v=GT_C-1rqYQ8,"Stock Market"
https://www.youtube.com/watch?v=cKEwSlLSaGs,"Stock Market"
https://www.youtube.com/watch?v=yGzjMVHpCnY,"Stock Market"
https://www.youtube.com/watch?v=nB4DCRDsxBk,"Ukraine War"
https://www.youtube.com/watch?v=zbKGDMNUYng,"Ukraine War"
https://www.youtube.com/watch?v=66XoI62SVTg,"Interest Rate"
https://www.youtube.com/watch?v=LXDNZuYUn-o,"Interest Rate"
https://www.youtube.com/watch?v=gL4FTZuCoy8,"Interest Rate"
https://www.youtube.com/watch?v=wFICkTm7EEM,"Stock Market"
https://www.youtube.com/watch?v=MTo1qfWYssU,"Stock Market"
https://www.youtube.com/watch?v=0wEWng1gSqI,"Stock Market"
https://www.youtube.com/watch?v=tinGywy02Hg,"Electric Vehicles"
https://www.youtube.com/watch?v=X_TlXpy-37o,"Electric Vehicles"
https://www.youtube.com/watch?v=cniOGQrextE,"Electric Vehicles"
https://www.youtube.com/watch?v=6BjBcRd3dZE,"Electric Vehicles"
https://www.youtube.com/watch?v=T7fGDw7U2Wg,"Electric Vehicles"
https://www.youtube.com/watch?v=JH0kdkMJ9SE,"Electric Vehicles"
https://www.youtube.com/watch?v=jHYSB6ZbUTc,"Electric Vehicles"
https://www.youtube.com/watch?v=jKtpPNmx3ZQ,"Electric Vehicles"
https://www.youtube.com/watch?v=y9X-A98YS4A,"Cancer"
https://www.youtube.com/watch?v=Oo271mY071c,"Cancer"
https://www.youtube.com/watch?v=laMyK0E8Gqs,"Cancer"
https://www.youtube.com/watch?v=rY8YfcEeub8,"Cancer"
https://www.youtube.com/watch?v=ttx8bCDKEdk,"Cancer"
https://www.youtube.com/watch?v=yNYzobUvYkc,"Cancer"
https://www.youtube.com/watch?v=GHH2W2dedok,"Cancer"
https://www.youtube.com/watch?v=PY5go5rGax0,"Cancer"